{"cameraMode":{"drawMode":0,"name":"Shaded","section":"Shading Mode"},"sceneLighting":true,"audioPlay":false,"sceneViewState":{"showFog":true,"showMaterialUpdate":true,"showSkybox":true,"showFlares":true,"showImageEffects":true,"showParticleSystems":true},"in2DMode":false,"pivot":{"x":7.990293025970459,"y":8.42741870880127,"z":17.62029266357422},"rotation":{"x":-0.0016173567855730653,"y":0.992954432964325,"z":-0.013714908622205258,"w":-0.11791426688432694},"size":17.299673080444337,"orthographic":false}